structure_stem,epitope_dict
PGT121_7uoj_d_e_AGI_CBJ,"{'A': [134,135,136,137,139,150,321A,322,323,324,325,326,327,328,330,415,416,417]}"
45-VRC01.H5.F-185917_4s1s_H_L_G_,"{'A': [102,124,198,275,276,278,279,280,281,282,283,365,366,367,368,371,427,428,429,430,455,456,457,458,459,460,461,462,463,465,466,467,469,471,472,473,474,476,97]}"
VRC46.01_6mtt_H_L__P,"{'B': [665,666,667,668,669,670,671,673,674,675,676,677,678,679,680,681,682,683]}"
VRC03_6n1w_R_Q_2cC_AdD,"{'A': [120,205,206,207,304,314,316,318,64,65],'C': [197,198,257,276,278,279,280,281,282,283,360,365,366,367,368,370,371,425,426,427,428,429,430,431,455,456,457,458,459,460,461,462,463,465,466,467,469,471,473,474,475,97]}"
VRC03_6nf2_C_D_GAQ_BIR,"{'A': [198,276,278,279,280,281,282,283,360,365,366,367,368,370,371,425,426,427,428,429,430,431,455,456,457,458,459,460,461,462,463,465,466,467,469,471,473,474,475,97],'E': [205,206,207,314,316,318,64,65]}"
VRC03_6cdi_q_r_2dC_cAD,"{'A': [120,205,206,207,314,316,318,64,65],'C': [197,198,276,278,279,280,281,282,283,360,365,366,367,368,370,371,425,426,427,428,429,430,431,455,456,457,458,459,460,461,462,463,465,466,467,469,471,473,474,475,97]}"
vFP1.01_6cuf_3_4_2dC_AcD,"{'A': [227,229,230,240,241,249,250,267,268,79,80,81,82,83,84,85,87,88],'B': [512,513,514,515,516,517,518,519,524,525,528,532]}"
PGT122_6osy_C_D_KB2_QGA,"{'C': [134,135,136,137,141,150,301,321A,322,323,324,325,326,327,328,329,330,415,416,417]}"
vFP1.01_5tkj_G_H__I,"{'B': [512,513,514,515,516,517,518,519]}"
17b_1g9n_H_L_G_,"{'A': [119,120,122,200,202,203,204,205,419,420,421,422,423,432,433,434,437]}"
VRC34_6nc3_Q_V_EGF_KNM,"{'A': [83,84,85],'B': [512,513,514,515,516,517,518,519,520]}"
2C09_8g4t_D_E_CIG_AFB,"{'A': [229,241,79,80,81,82,83,84,85,87,88],'B': [512,513,514,515,516,517,518,519,520,528,529,532,535,539,542]}"
ACS202_6nc2_Q_V_EFG_KMN,"{'A': [230,231,232,240,241,242,268,85,86,87,88],'B': [512,513,514,515,516,517,518,519,520,525,528,532,533,535,536]}"
PG16_4dqo_H_L_C_,"{'A': [158,160,163,166,167,168,169,170,171,172,173,223,224]}"
VRC-PG04_3se9_H_L_G_,"{'A': [102,122,124,275,276,278,279,280,281,282,283,365,366,367,368,371,426,427,429,431,455,456,457,458,459,461,462,469,472,473,474,476,97]}"
17b_2i60_R_Q_P_,"{'A': [119,120,122,200,202,203,204,205,419,420,421,422,423,432,433,434,435,436,437]}"
PGT128_5c7k_A_B_C_D,"{'A': [134,135,141,150,156,175,297,299,301,321A,322,323,324,325,326,327,330,442,444]}"
VRC03_6cuf_Q_R_C2d_DAc,"{'A': [198,257,276,278,279,280,281,282,283,365,366,367,368,370,371,425,426,427,428,429,430,431,455,456,457,458,459,460,461,462,463,465,466,467,469,471,472,473,474,475,97],'E': [205,206,207,314,316,318,64,65]}"
VRC34.01_mm28_8f7z_E_F__L,"{'B': [512,513,514,515,516,517,518,519]}"
vFP49.02_8g9w_H_L_EGP_OBD,"{'A': [229,231,268,80,81,82,83,84,85,87],'B': [512,513,514,515,516,517,518,519,520,521]}"
PGT135_4jm2_A_B_E_,"{'A': [299,323,324,328,329,330,332,335,373,384,386,389,408,409,415,417,418,419,421]}"
N5-i5_4h8w_H_L_G_,"{'A': [103,106,107,110,114,217,219,221,51,52,53,54,56,58,59,60,61,68,69,70,71,72,73,74,75,76,77,78,79,80]}"
m66_4nrx_H_L__P,"{'B': [656,657,659,660,661,662,663,664,665,666,667,668,669]}"
F105_3hi1_B_A_J_,"{'A': [105,108,109,112,210,255,256,257,279,281,365,366,367,368,369,370,371,375,376,382,384,421,423,424,425,426,429,455,471,472,473,474,475,476,477]}"
vFP25.18_6pdr_H_L__A,"{'B': [512,513,514,515,516,517,518,519]}"
2F5_1tjg_H_L__P,"{'B': [662,663,664,665,666,667,668]}"
ACS202_6nc2_S_X_GEF_NKM,"{'A': [230,231,232,240,241,242,268,85,86,87,88],'B': [512,513,514,515,516,517,518,519,520,525,528,532,533,535,536]}"
N6_5te4_H_L_G_,"{'A': [124,198,275,276,278,279,280,281,282,283,355C,355D,365,366,367,368,370,371,425,426,427,430,431,455,456,457,458,459,460,461,462,463,469,471,472,473,474,475,476,97]}"
A12V163-a.01_6mqs_C_D__F,"{'B': [512,513,514,515,516,517,518]}"
DF2F-b.04_6p7h_A_B__C,"{'B': [512,513,514,515,516,517,518,519]}"
VRC03_6v8z_O_R_MGA_NHB,"{'A': [195,198,276,278,279,280,281,282,283,365,366,367,368,370,371,425,426,427,428,430,431,455,456,457,458,459,460,461,462,463,465,466,467,469,472,473,474,475,97],'E': [206,207,314,316,318,63]}"
vFP52.02_8g85_F_I_GDJ_BEK,"{'A': [78,79,80,81,82,83],'B': [512,513,514,515,516,517,519,520],'D': [637,638,640,641,644,645]}"
VRC34.01_5i8h_G_H_C_D,"{'A': [229,230,231,241,80,82,83,84,85,87],'B': [512,513,514,515,516,517,518,519,520,521]}"
VRC03_6v8z_I_L_GAM_HBN,"{'A': [195,198,276,278,279,280,281,282,283,365,366,367,368,370,371,425,426,427,428,430,431,455,456,457,458,459,460,461,462,463,465,466,467,469,472,473,474,475,97],'E': [206,207,314,316,318,63]}"
17b_2ny3_D_C_A_,"{'A': [119,120,122,200,202,203,204,205,419,420,421,422,423,432,434,435,436,437]}"
PGT122_5u7m_H_L_G_B,"{'A': [134,135,136,137,299,321A,322,323,324,325,326,327,328,329,330,415,416,417]}"
10-1074_8ttw_M_N_AIE_BJF,"{'A': [134,137,138,139,140,322,323,324,325,326,327,328,330,332,415,417]}"
VRC06B_4xnz_H_L_G_,"{'A': [123,124,257,276,278,279,280,281,282,365,366,367,368,370,371,375,425,426,427,429,430,431,455,456,457,458,459,460,461,465,466,467,469,471,472,473,474,475,97]}"
vFP7.04_6cue_h_l_c2C_d1D,"{'A': [227,229,230,231,240,241,249,267,268,485,80,81,82,83,84,85,87,88,89,90],'B': [512,513,514,515,516,517,518,519,520,524,525,528,531,532,535]}"
2C06_8g4m_J_K_GCI_BAF,"{'A': [227,229,231,240,241,79,80,81,82,83,85,87,88],'B': [514,515,516,517,518,519,520,524,528,532,535,538,539,542],'D': [592,640,641,643,644,647,648]}"
VRC07-I30Q-G54W-S58N_4om1_H_L_G_,"{'A': [102,106,198,257,275,276,278,279,280,281,282,283,357,360,365,366,367,368,370,371,375,425,426,427,428,429,430,455,456,457,458,459,460,461,462,463,465,466,467,469,472,473,474,475,476,480,97,99]}"
DF1W-a.01_6mqm_D_E__F,"{'B': [512,513,514,515,516,517,518]}"
PGT122_6mph_Y_a_BCA_ED6,"{'A': [134,135,136,137,150,321A,322,323,324,325,326,327,328,329,330,415,416,417]}"
PGT122_6osy_5_6_2KB_AQG,"{'A': [134,135,136,137,139,141,150,301,321A,322,323,324,325,326,327,328,329,330,415,416,417]}"
11F10_3lex_A_B__C,"{'B': [660,661,662,663,664,665,666,667]}"
PGT122_9bf6_D_E_CFJ_ABI,"{'A': [135,149,150,151,322,323,324,325,326,327,328,330,415,417]}"
VRC03_6cde_q_r_c2C_d1D,"{'A': [198,276,278,279,280,281,282,283,360,365,366,367,368,370,371,425,426,427,428,429,430,455,456,457,458,459,460,461,462,463,465,466,467,469,471,473,474,475,97],'E': [203,205,206,207,304,314,316,318,65]}"
N49-P9.6-FR3_7uoj_D_E_AGI_CBJ,"{'A': [197,198,278,279,280,281,282,360,365,366,367,368,370,371,425,426,427,428,430,431,455,456,457,458,459,460,461,462,463,467,469,471,472,473,474,475,97],'E': [206,207,304,308,314,316,318,65]}"
N123-VRC34.05_6ubi_D_E__F,"{'B': [512,513,514,515,516,517,518,519]}"
0PV-b.01_6ot1_A_C_EGP_OBD,"{'A': [80,82],'B': [512,513,514,515,516,517,518,519,520,521,532,535,539,542,543],'D': [613,614,637,638,640,641,644,645,648,652]}"
PGT145_5v8l_J_N_ADC_BEF,"{'A': [121,123,124,127,161,162,166,167,169,309,315],'C': [121,123,124,127,160,161,162,166,167,168,169],'E': [123,127,160,161,162,166,167,168,169]}"
3BNC117_9bew_C_D_GAM_BEN,"{'A': [197,198,275,276,278,279,280,281,282,283,353,364,365,366,367,368,370,371,428,455,456,457,458,459,460,461,463,465,467,469,470,471,472,473,474,476],'E': [207,306,308,316,318]}"
2.2c_4r4n_F_G_E_,"{'A': [218,219,220,221,246,53,57,58,59,60,61,62,71,72,73,74,75,76,77,78,79,80]}"
48d_3jwo_H_L_A_,"{'A': [119,120,122,200,202,203,204,205,206,369,419,421,422,423,432,433,434,435,436,437,438,439]}"
CAP256V2LSJ3_8fis_H_L_CFG_ABE,"{'A': [105,109,128,166,167,169,185,186,190,195,198,257,280,281,282,283,365,366,367,368,369,370,371,425,426,427,428,429,430,431,455,456,457,458,469,473,474,475,476],'C': [162,166,167,169],'E': [127,160,161,162,163,164,166,167,168,169,170,171,206,207,304,318,63,64,65]}"
17b_2ny6_D_C_A_,"{'A': [119,120,122,200,202,203,204,205,419,420,421,422,423,432,433,434,435,436,437]}"
PGT122_6cdi_M_N_C2d_DcA,"{'A': [134,135,136,137,138,150,301,321A,322,323,324,325,326,327,328,329,330,415,416,417]}"
VRC01_5fyj_U_V_G_B,"{'A': [198,275,276,278,279,280,281,282,283,360,365,366,367,368,371,425,428,429,455,456,457,458,459,460,461,465,466,467,469,471,472,473,474,476,96,97]}"
N6 FR3-03_6nm6_U_V_G_B,"{'A': [105,197,198,199,275,276,278,279,280,281,282,283,360,365,366,367,368,370,371,425,426,427,428,430,431,455,456,457,458,469,471,472,473,474,475,476]}"
PGT122_6mph_X_Z_ABC_6ED,"{'A': [134,135,136,137,150,321A,322,323,324,325,326,327,328,329,330,415,416,417]}"
VRC01_3ngb_J_K_I_,"{'A': [124,198,276,278,279,280,281,282,283,365,366,367,368,370,371,427,428,429,430,455,456,457,458,459,460,461,462,465,466,467,469,472,473,474,476,97]}"
VRC03_6osy_7_8_B2K_GAQ,"{'A': [205,206,207,314,316,318,64,65],'C': [197,198,199,257,276,278,279,280,281,282,283,365,366,367,368,370,371,425,426,427,428,429,430,431,455,456,457,458,459,460,461,462,463,465,466,469,471,472,473,474,475]}"
1-18_6udj_D_E_PJG_FMC,"{'A': [102,194,195,198,257,275,276,278,279,280,281,282,283,364,365,366,367,368,370,371,425,426,428,429,430,455,457,458,459,460,461,469,470,471,472,473,474,475,476,480,49,96,97,98,99],'E': [205,206,207,304,306,307,308,316,318]}"
VRC03_6ot1_q_r_GPE_BDO,"{'A': [198,257,276,278,279,280,281,282,283,365,366,367,368,370,371,425,426,427,428,429,430,431,455,456,457,458,459,460,461,462,463,465,466,467,469,471,473,474,475,97],'E': [205,206,207,304,306,308,314,316,318,64]}"
PGT122_5i8h_I_J_A_B,"{'A': [134,135,136,137,138,139,141,150,321A,322,323,324,325,326,327,328,329,330,415,417]}"
2.2c_4r4n_Q_R_P_,"{'A': [218,219,220,221,246,53,54,57,58,59,60,61,62,71,72,73,74,75,76,77,78,79,80]}"
0PV-b.01_6n16_K_J__G,"{'B': [512,513,514,515,516,517,518,519]}"
17b_2nxz_D_C_A_,"{'A': [119,120,122,200,202,203,204,205,419,420,421,422,423,432,434,435,436,437]}"
CH03_5esv_A_B_E_,"{'A': [130,158,160,167,168,169,170,171,173]}"
17b_1yym_H_L_G_,"{'A': [119,120,122,200,202,203,204,205,419,420,421,422,423,432,433,434,435,436,437]}"
X5_2b4c_H_L_G_,"{'A': [119,120,122,200,202,203,316,319,320,322,323,326,327,369,419,421,422,423,432,433,434,435,436,437]}"
0PV-c.01_6nf2_O_P_AQG_IRB,"{'A': [229,231,241,265,266,267,80,82,83,84,85,87],'B': [512,513,514,515,516,517,518,519,520,521,524,535,536,539,542],'D': [648,655]}"
IOMA_5t3z_D_E_G_B,"{'A': [102,197,198,257,278,279,280,281,282,360,365,366,367,368,370,371,426,427,428,430,455,456,457,458,459,460,461,462,463,466,467,469,472,473,474,475,476,97]}"
8ANC195_5c7k_E_F_C_D,"{'A': [234,236,237,238,275,276,277,278,351,352,353,44,456,45,462,46,47,487,89,90,91,92,93,94,97],'B': [613,615,616,617,626,629,630,632,633,634,636,637,638]}"
PGT122_5fyl_H_L_G_B,"{'A': [134,135,136,137,138,139,150,321A,322,323,324,325,326,327,328,330,415,416,417]}"
PGT128_5aco_G_J_CAD_EBF,"{'A': [134,135,136,137,138,175,297,299,301,321A,322,323,324,325,326,327,442,444,445]}"
0PV-a.04_6pds_B_A__C,"{'B': [512,513,514,515,516,517,518,519]}"
VRC34.01_5i8h_E_F_A_B,"{'A': [229,230,231,241,80,82,83,84,85,87],'B': [512,513,514,515,516,517,518,519,520,521]}"
2909_7ly9_H_L_GKD_FNJ,"{'A': [123,124,126,127,128,130,160,162,166,167,168,169,171,184,185,188,190],'C': [124,127,128,130,158,159,160,161,162,166,167,168,169,171,190],'E': [124,160,162,163,164,165,166,167,168,169,171,309,312,313]}"
vFP49.02_6x7w_A_C__D,"{'B': [512,513,514,515,516,517,518,519]}"
vFP49.02_8g9y_H_L_PEG_DOB,"{'B': [512,513,514,515,516,517,518,519,520,532,535],'C': [33,35,502],'D': [607,608,609,611,613,645,648,649,652,653,656,659,660]}"
17b_2i5y_H_L_G_,"{'A': [119,120,122,200,202,203,204,205,419,420,421,422,423,432,433,434,435,437]}"
ACS202_8tox_H_L_GIC_BFA,"{'A': [229,230,231,232,240,241,242,268,85,86,87,88],'B': [512,513,514,515,516,517,518,519,520,525,528,532,535,536]}"
vFP16.02_6cdi_3_4_2dC_AcD,"{'A': [227,229,230,231,240,241,267,268,485,80,81,82,83,84,85,87,88,89],'B': [512,513,514,515,516,517,518,519,520,528,532,535]}"
VRC03_6mpg_Q_R_C2V_DAU,"{'A': [197,198,276,278,279,280,281,282,283,360,365,366,367,368,370,371,425,427,428,429,430,431,455,456,457,458,459,460,461,462,463,465,466,467,469,473,474,97],'E': [120,205,206,207,304,314,316,318,65]}"
PGT122_6cue_5_6_2Cc_1Dd,"{'A': [135,136,137,321A,322,323,324,325,326,327,328,329,330,415,416,417]}"
3H109L_6mu8_H_L_G_B,"{'A': [134,135,136,137,138,139,150,321A,322,323,324,325,326,327,328,330,332,415,417]}"
VRC03_6e5p_O_P_CEA_DFB,"{'A': [279,365,366,367,368,370,371,428,457,458,459,460,461,462,473],'E': [205,206,207,314,316,65]}"
10-1074_9bew_J_K_AMG_ENB,"{'A': [134,136,137,139,321A,322,323,324,325,326,327,328,329,330,415,417]}"
PGT128_6opa_K_J_G_B,"{'A': [134,175,297,299,301,321A,322,323,324,325,326,327,330,442,444]}"
VRC16.01_4ydk_H_L_G_,"{'A': [105,122,123,124,198,199,257,275,280,281,282,283,364,365,366,367,368,369,370,371,375,425,426,427,428,429,431,432,455,456,457,458,459,460,463,467,469,470,471,472,473,474,477]}"
PG9RSH DU025_8fl1_H_L_GCI_BAF,"{'A': [169,185],'C': [166,167,168,169],'E': [158,160,162,166,167,168,169,170,171,172,173]}"
2.2c_4r4n_C_D_B_,"{'A': [218,219,220,221,246,53,55,57,58,59,60,61,62,71,72,73,74,75,76,77,78,79,80]}"
vFP7.04_6cue_H_L_Cc2_Dd1,"{'A': [227,229,230,231,240,241,267,268,485,79,80,81,82,83,84,85,87,88,89,90],'B': [512,513,514,515,516,517,518,519,520,524,525,528,531,532]}"
PG9_3u2s_A_B_C_,"{'A': [157,158,160,162,163,166,167,168,169,170,171,172,173,223]}"
10-1074_6udj_Q_B_GPJ_CFM,"{'A': [134,135,321A,322,323,324,325,326,327,328,330,415,417]}"
DF1W-a.01_6mph_3_4_BCA_ED6,"{'A': [79,80,81,82,83,84,85,87],'B': [512,513,514,515,516,517,518,519,520,521,522,539,542,543],'D': [637,638,640,641,644,645,647,648]}"
VRC03_6cde_Q_R_Cc2_Dd1,"{'A': [198,276,278,279,280,281,282,283,360,365,366,367,368,370,371,425,426,427,428,429,430,455,456,457,458,459,460,461,462,463,465,466,467,469,471,473,474,475,97],'E': [203,205,206,207,304,314,316,318,65]}"
VRC07_1995_4xvt_H_L_G_,"{'A': [102,275,276,278,279,280,281,282,283,362,365,366,367,368,371,427,429,430,455,456,457,458,459,460,461,462,463,465,467,469,472,473,474,476,480,96,97]}"
VRC42.01_6mtp_H_L__P,"{'B': [671,672,673,674,675,676,677,679,680,683,684]}"
10-1074_6v8z_P_Q_MGA_NHB,"{'A': [134,140,141,142,150,299,323A,323,324,325,326,327,328,330,415,417,77]}"
vFP49.02_6x7w_H_L__G,"{'B': [512,513,514,515,516,517,518,519]}"
12a21_4jpw_H_L_G_,"{'A': [102,122,123,124,257,275,276,278,279,280,281,282,283,365,366,367,368,370,371,425,426,427,428,429,430,431,432,455,456,457,458,459,460,461,462,465,466,467,469,472,473,474,475,476,480,96,97]}"
DH1285_8u1d_I_J_A_,"{'A': [102,105,198,257,275,278,279,280,281,282,283,365,366,367,368,370,371,426,427,428,429,430,455,456,457,458,459,460,467,470,471,472,473,474,475,478,96,97]}"
PGT151_6dcq_M_N_ECA_FDB,"{'A': [244,245,246,58,59,60,62,77,78,79,80,82,83,84,85],'B': [512,513,514,515,516,517,518,519,520,521,522,538,539,542,543],'D': [637,638,640,641,643,644,647]}"
0PV-b.01_6ot1_H_L_GPE_BDO,"{'A': [80,82],'B': [512,513,514,515,516,517,518,519,520,521,532,535,539,542,543],'D': [613,614,637,638,640,641,644,645,648,652]}"
PGT122_5i8h_K_L_C_D,"{'A': [134,135,136,137,138,139,141,150,321A,322,323,324,325,326,327,328,330,415,416,417]}"
PGT122_6mpg_m_n_VC2_UDA,"{'A': [134,135,136,137,321A,322,323,324,325,326,327,328,330,415,416,417]}"
PGT122_6cdi_5_6_dC2_ADc,"{'E': [134,135,136,137,138,150,301,321A,322,323,324,325,326,327,328,329,330,415,416,417]}"
DF1W-a.01_6mqm_A_B__C,"{'B': [512,513,514,515,516,517,518]}"
CH03_5esv_C_D_F_,"{'A': [130,158,160,166,167,168,169,170,171,173]}"
2C09_8g4t_H_L_IGC_FBA,"{'A': [229,241,79,80,81,82,83,84,85,87,88],'B': [512,513,514,515,516,517,518,519,520,524,528,529,532,535,539,542]}"
PGT122_6mpg_5_6_2VC_AUD,"{'A': [134,135,136,137,321A,322,323,324,325,326,327,328,330,415,416,417]}"
PGT122_6n1v_X_Z_BCA_FDE,"{'E': [134,135,136,137,321A,322,323,324,325,326,327,328,330,415,416,417]}"
PG9_3u2s_H_L_G_,"{'A': [157,158,160,162,163,166,167,168,169,170,171,172,173,223,240]}"
CH235_5f9w_B_C_A_,"{'A': [102,124,257,275,276,277,278,279,280,281,282,283,365,366,367,368,370,371,375,425,426,427,429,455,456,457,458,459,460,461,462,463,469,470,471,472,473,474,475,476,477,480,96,97]}"
PGT122_6cuf_5_6_2dC_AcD,"{'A': [135,136,137,150,301,321A,322,323,324,325,326,327,328,329,330,415,416,417]}"
N123-VRC34.05_6ubi_A_B__C,"{'B': [512,513,514,515,516,517,518,519]}"
DF1W-a.01_6mqm_J_K__L,"{'B': [512,513,514,515,516,517,518]}"
N123-VRC34_pI4_6ucf_H_L__A,"{'B': [512,513,514,515,516,517,518,519]}"
35O22_6mu8_D_E_G_B,"{'A': [238,240,87,88,89,90,91,92],'B': [527,528,529,532,618,620,621,624,625,627,629,630,633]}"
VRC03_6ot1_J_K_EGP_OBD,"{'A': [198,257,276,278,279,280,281,282,283,365,366,367,368,370,371,425,426,427,428,429,430,431,455,456,457,458,459,460,461,462,463,465,466,467,469,471,473,474,475,97],'E': [205,206,207,304,306,308,314,316,318,64]}"
35O22_5utf_D_E_G_B,"{'A': [238,240,87,88,90,91,92],'B': [527,528,529,532,617,618,620,621,623,624,625,626,627,629,630,633]}"
17b_2ny5_H_L_G_,"{'A': [119,120,122,200,202,203,204,205,419,420,421,422,423,432,433,434,435,436,437]}"
0PV-b.01_6n16_A_B__E,"{'B': [512,513,514,515,516,517,518,519]}"
DF2F-a.01_6pef_A_B__C,"{'B': [512,513,514,515,516,517,518,519]}"
VRC-PG05_6bf4_H_L_G_,"{'A': [262,290,291,292,293,334,337,446,447,448]}"
2.2c_4r4n_J_K_I_,"{'A': [218,220,221,53,57,58,59,60,61,62,71,72,73,74,75,76,77,78,79,80]}"
VRC34_6nc3_O_T_CAD_IBJ,"{'A': [83,84,85],'B': [512,513,514,515,516,517,518,519,520]}"
VRC06_4jb9_H_L_G_,"{'A': [122,123,124,198,199,257,275,276,278,279,280,281,282,283,365,366,367,368,370,371,375,425,426,427,429,430,431,455,456,457,458,459,460,461,462,463,465,466,467,469,472,473,474,475,94,97]}"
PGT122_6mtn_H_L_G_B,"{'A': [134,135,136,137,138,139,321A,322,323,324,325,326,327,328,330,332,415,417]}"
DF2F-c.01_xx02_H_L_XZY_ACB,"{'A': [216,227,229,231,241,248,249,267,57,79,80,81,82,83,84,85,86,87,88],'B': [512,513,514,515,516,517,518,519,520,525,528,532,535]}"
PGT122_6cuf_m_n_dC2_cDA,"{'A': [135,136,137,150,301,321A,322,323,324,325,326,327,328,329,330,415,416,417]}"
8ANC134_4rx4_A_D_E_,"{'A': [102,105,122,123,275,276,278,279,280,281,282,283,365,366,367,368,370,371,425,426,427,428,429,430,431,432,455,456,457,472,473,474,476,477,480,49,96,97,98,99]}"
ACS202_8tox_J_K_ICG_FAB,"{'A': [229,230,231,232,240,241,242,268,85,86,87,88],'B': [512,513,514,515,516,517,518,519,520,525,528,532,535,536]}"
10-1074_9bew_Q_R_MGA_NBE,"{'A': [134,136,137,139,321A,322,323,324,325,326,327,328,329,330,415,417]}"
vFP20.01_6cde_H_L_Cc2_Dd1,"{'A': [227,229,230,231,240,241,246,249,267,78,79,80,81,82,83,85,86,87,88],'B': [512,513,514,515,516,517,518,519,520,527,528,529,532]}"
VRC03_6cue_Q_R_Cc2_Dd1,"{'A': [198,276,278,279,280,281,282,283,360,365,366,367,368,370,371,425,426,427,428,429,430,455,456,457,458,459,460,461,462,463,465,466,467,469,471,473,474,475,97],'E': [205,206,207,314,316,318,65]}"
8ANC134_4rx4_H_L_G_,"{'A': [102,121,275,276,278,279,280,281,282,283,365,366,367,368,370,371,425,426,427,428,429,430,431,432,455,456,457,459,460,472,473,474,476,480,49,96,97,98,99]}"
PGT122_6nf2_S_T_QGA_RBI,"{'A': [134,135,136,137,141,150,301,321A,322,323,324,325,326,327,328,330,415,416,417]}"
VRC34_6nc3_P_U_DCA_JIB,"{'A': [83,84,85],'B': [512,513,514,515,516,517,518,519,520]}"
VRC07_1995_4xvs_H_L_G_,"{'A': [102,198,275,276,278,279,280,281,282,283,362,365,366,367,368,371,430,455,456,457,458,459,460,461,462,463,467,470,472,473,474,475,477,481,96,97]}"
A12V163-b.01_6mpg_X_Y_C2V_DAU,"{'A': [229,241,78,79,80,81,82,83,84,85,87,88],'B': [512,513,514,515,516,517,518,519,520,524,525,528,529,532,542,543],'D': [640,641]}"
VRC-PG04_4i3s_H_L_G_,"{'A': [252,253,254,256,275,276,278,279,280,281,282,283,365,366,367,368,371,455,456,457,458,459,460,461,462,469,472,473,474]}"
35O22_5uty_D_E_G_B,"{'A': [238,240,87,88,90,91,92],'B': [527,528,529,532,617,618,620,621,623,624,625,626,627,629,630,633]}"
8ANC195_8ttw_K_L_IEA_JFB,"{'A': [236,237,238,275,276,277,278,351,352,353,354,44,456,45,460,46,47,487,90,91,92,93,94,97],'B': [612,613,614,615,616,617,629,630,632,633,634,636,637,638]}"
PGT121_7uoj_k_m_IAG_JCB,"{'A': [135,136,137,139,150,321A,322,323,324,325,326,327,328,330,332,415,416,417]}"
2.2c_4r4n_W_X_V_,"{'A': [218,219,220,221,246,53,57,58,59,60,61,62,71,72,73,74,75,76,77,78,79,80]}"
ACS202_8tox_D_E_CGI_ABF,"{'A': [229,230,231,232,240,241,242,268,85,86,87,88],'B': [512,513,514,515,516,517,518,519,520,525,528,532,535,536]}"
VRC07-G54R_4oly_H_L_G_,"{'A': [102,106,124,198,275,276,278,279,280,281,282,283,365,366,367,368,371,427,428,429,430,455,456,457,458,459,460,461,463,465,466,467,469,472,473,474,476,480,97,99]}"
VRC03_6n1w_7_8_C2c_DAd,"{'A': [197,198,276,278,279,280,281,282,283,360,365,366,367,368,370,371,425,426,427,428,429,430,431,455,456,457,458,459,460,461,462,463,465,466,467,469,471,473,474,475,97],'E': [205,206,207,304,314,316,318,64,65]}"
2F5_1tjh_H_L__P,"{'B': [661,662,663,664,665,666,667,669,670]}"
vFP49.02_8g9x_H_L_PEG_DOB,"{'D': [512,513,514,515,516,517,518,519,520,536],'F': [611,613,648]}"
PGT122_6vlr_C_L_AGH_BIJ,"{'A': [134,135,136,137,322,323A,323,324,325,326,327,328,330,415,417]}"
vFP1.01_6cuf_h_l_dC2_cDA,"{'A': [227,229,230,240,241,249,250,267,79,80,81,82,83,84,85,87,88],'B': [512,513,514,515,516,517,518,519,524,525,528,532]}"
1-18_6udj_H_I_JGP_MCF,"{'A': [102,194,195,198,257,275,276,278,279,280,281,282,283,365,366,367,368,370,371,425,426,428,429,430,455,457,458,459,460,461,469,470,471,472,473,474,475,476,480,49,96,97,98,99],'E': [205,206,207,304,306,307,308,316,318,440]}"
vFP48.02_8gas_C_A_DJG_EKB,"{'A': [229,231,82,83,84,85,87],'B': [512,513,514,515,516,517,518,519,520,521,528,529,532]}"
0PV-c.01_6mqc_A_B__D,"{'B': [512,513,514,515,516,517,518,519]}"
17b_1yyl_R_Q_P_,"{'A': [1119,1120,1122,1200,1202,1203,1204,1205,1419,1420,1421,1422,1423,1432,1433,1434,1435,1437]}"
A12V163-a.02_6p60_A_B__E,"{'B': [512,513,514,515,516,517,518,519]}"
RM20E1_6vlr_F_N_AGH_BIJ,"{'A': [229,80,81,82,83,84,85,87],'B': [515,516,517,518,519,520,521,535,538,539,542],'D': [609,610,611,612,613,614,616,640,641,644,645,647,648,651,652]}"
10E8_4u6g_H_L_P_,"{'A': [668,670,671,672,673,676,677,679,680,682,683]}"
VRC07-G54W_4olz_H_L_G_,"{'A': [102,106,124,198,257,275,276,278,279,280,281,282,283,365,366,367,368,370,371,375,425,426,427,428,429,455,456,457,458,459,460,461,463,465,466,467,469,472,473,474,475,476,480,97,99]}"
TRNM-f.01_8to9_H_L_CAB_ZIJ,"{'A': [102,105,106,109,110,113,195,198,199,255,257,281,365,366,367,368,369,370,371,425,426,427,428,429,430,431,432,472,473,474,475,476,479]}"
VRC03_6mph_Q_R_CAB_D6E,"{'A': [198,276,278,279,280,281,282,283,360,365,366,367,368,370,371,425,426,427,428,429,430,431,455,456,457,458,459,460,461,462,463,465,466,467,469,471,473,474,475,97],'E': [205,206,207,314,316,318,64,65]}"
C38-VRC18.02_4ydl_H_L_G_,"{'A': [105,124,198,276,278,279,280,281,282,365,366,367,368,370,371,427,428,429,430,455,456,457,458,459,460,461,462,463,465,466,467,469,472,473,474,475]}"
VRC01_3ngb_E_F_D_,"{'A': [123,124,198,276,278,279,280,281,282,283,365,366,367,368,371,427,428,429,430,455,456,457,458,459,460,461,463,465,466,467,469,472,473,474,476,97]}"
N49-P9.6-FR3_7uoj_K_M_IAG_JCB,"{'A': [197,198,278,279,280,281,282,360,365,366,367,368,370,371,425,426,427,428,430,431,455,456,457,458,459,460,461,463,467,469,471,472,473,474,475,97],'E': [206,207,304,308,314,316,318,65,67]}"
CH235.09_5f9o_H_L_G_,"{'A': [275,276,277,278,279,280,281,282,283,365,366,367,368,371,426,429,431,432,455,456,457,458,459,460,461,469,470,471,472,474,477,480,96,97]}"
VRC34_6nc3_R_W_FEG_MKN,"{'A': [83,84,85],'B': [512,513,514,515,516,517,518,519,520]}"
2413a_7jkt_H_L_G_,"{'A': [257,276,278,279,280,281,282,357,362,365,366,367,368,370,371,425,426,427,430,455,456,457,458,459,460,461,462,463,464,466,467,468,470,473,474,475,477,97]}"
VRC34_6nc3_H_L_ADC_BJI,"{'A': [83,84,85],'B': [512,513,514,515,516,517,518,519,520]}"
PGT122_6nf2_J_K_AQG_IRB,"{'A': [134,135,136,137,141,150,301,321A,322,323,324,325,326,327,328,330,415,416,417]}"
8ANC195_5cjx_A_C_KGY_JBX,"{'A': [234,236,237,238,275,276,277,278,351,352,353,44,456,45,46,47,487,89,90,91,92,93,94,96,97],'B': [612,613,615,616,617,626,629,630,632,633,634,636,637,638]}"
N6_5te6_H_L_G_,"{'A': [122,124,257,275,276,278,279,280,281,282,283,365,366,367,368,370,371,375,425,426,427,429,430,431,432,455,456,457,458,459,460,461,462,469,472,473,474,475,480,96,97]}"
10E8v4-5R+100cF_5wdf_A_B__Q,"{'B': [669,670,671,672,673,676,677,679,680,682,683]}"
DF2F-e.01_6pec_H_L__A,"{'B': [512,513,514,515,516,517,518,519]}"
CAP256-VRC26.25_6vtt_H_L_GFE_CAB,"{'A': [127,160,161,162,163,164,165,166,167,168,169,170,171],'C': [128,166,167,169,190],'E': [162,166,167,169]}"
0PV-b.01_6n16_C_D__I,"{'B': [512,513,514,515,516,517,518,519]}"
VRC34_6nc3_S_X_GFE_NMK,"{'A': [83,84,85],'B': [512,513,514,515,516,517,518,519,520]}"
vFP48.02_8gas_I_F_JGD_KBE,"{'A': [229,231,82,83,84,85,87],'B': [512,513,514,515,516,517,518,519,520,521,528,529,532]}"
VRC-CH31_N70D_4lsr_H_L_G_,"{'A': [276,278,279,280,281,282,353,354,357,365,366,367,368,371,429,430,432,455,456,457,458,459,460,461,463,464,465,466,469,472,475,476,477,479,483,97]}"
PG9_3u4e_H_L_G_,"{'A': [158,160,162,163,164,165,166,167,168,169,170,171,172,173,223,242]}"
17b_2ny1_D_C_A_,"{'A': [119,120,122,200,202,203,204,205,419,420,421,422,423,432,434,435,436,437]}"
Z258-VRC27.01_4ydi_H_L_G_,"{'A': [102,122,124,257,275,276,278,279,280,281,282,283,365,366,367,368,370,371,425,426,427,429,430,431,432,455,456,457,458,459,460,461,462,469,472,473,474,475,476,480,97]}"
DF1W-a.01_6mph_H_L_CAB_D6E,"{'A': [79,80,81,82,83,84,85,87],'B': [512,513,514,515,516,517,518,519,520,521,522,539,542,543],'D': [637,638,640,641,644,645,647,648]}"
vFP16.02_6cdi_h_l_dC2_cDA,"{'A': [197,227,229,230,231,240,241,267,268,485,80,81,82,83,84,85,87,88,89],'B': [512,513,514,515,516,517,518,519,520,528,532,535]}"
vFP16.02_6wwc_A_B__C,"{'B': [512,513,514,515,516,517,518,519]}"
DF2F-a.01_6pef_D_E__F,"{'B': [512,513,514,515,516,517,518,519]}"
VRC01_3ngb_B_C_A_,"{'A': [124,198,276,278,279,280,281,282,283,365,366,367,368,371,427,429,430,455,456,457,458,459,460,461,463,465,466,467,469,473,474,476,97]}"
vFP5.01_5tkk_H_L__A,"{'B': [512,513,514,515,516,517,518,519]}"
PGT122_6cde_7_8_2Cc_1Dd,"{'A': [135,136,137,150,321A,322,323,324,325,326,327,328,329,330,415,416,417]}"
A12V163-b.01_6mpg_3_4_2VC_AUD,"{'A': [229,241,78,79,80,81,82,83,84,85,87,88],'B': [512,513,514,515,516,517,518,519,520,524,525,528,529,532,542,543],'D': [640,641]}"
vFP16.02_6wx2_A_B__C,"{'B': [512,513,514,515,516,517,518,519]}"
2.2c_4r4n_N_O_M_,"{'A': [218,219,220,221,246,247,53,57,58,59,60,61,62,71,72,73,74,75,76,77,78,79,80]}"
RM6561.DH1021.14_7ur6_D_E_AFG_CIB,"{'A': [231,267,268,80,81,82,83,84,85,86,87],'B': [512,513,514,515,517,519,520,521,524,525,528,529,532,535,536]}"
8ANC195_8ttw_G_H_EAI_FBJ,"{'A': [236,237,238,275,276,277,278,351,352,353,354,44,456,45,460,46,47,487,90,91,92,93,94,97],'B': [612,613,614,615,616,617,629,630,632,633,634,636,637,638]}"
2.2c_4r4h_H_L_A_,"{'A': [218,219,220,221,246,247,53,54,57,58,59,60,61,63,71,72,73,74,75,76,77,78,79,80]}"
10E8v4_5iq9_H_L__P,"{'B': [667,668,669,670,671,672,673,676,677,679,680,682,683]}"
412d_2qad_H_G_E_,"{'A': [119,120,122,200,201,202,203,204,205,206,207,322A,323,324,325,326,327,422,423,432,433,434,435,436,437,438,439,440]}"
CAP257-RH1_5t33_H_L_G_,"{'A': [279,280,281,282,354,357,365,366,367,368,371,455,456,457,458,459,460,461,462,463,465,469]}"
3BNC117_5v8l_G_K_CAD_FBE,"{'A': [197,198,199,275,276,278,279,280,281,282,353,360,365,366,367,368,371,428,430,455,456,457,458,459,460,461,463,466,467,469,470,471,472,473,474,476],'E': [207,304,306,307,308,314,315,316,318]}"
35O22_6mu7_D_E_G_B,"{'A': [238,240,87,88,89,90,91,92],'B': [527,528,529,532,618,620,621,624,625,627,629,630,633]}"
b13_3idy_H_L_G_,"{'A': [281,365,366,367,368,369,370,371,372,373,375,384,386,419,421,425,426,472,473,474,476]}"
RM6561.DH1021.14_7ur6_H_L_GAF_BCI,"{'A': [231,267,268,80,81,82,83,84,85,86,87],'B': [512,513,514,515,517,519,520,521,524,525,528,529,532,535,536]}"
35O22_5v7j_D_E_G_B,"{'A': [238,240,32,87,88,89,90,91,92],'B': [527,528,529,531,532,616,617,618,620,621,623,624,625,627,629,630,633]}"
35O22_4tvp_D_E_G_B,"{'A': [238,240,87,88,90,91,92],'B': [527,528,529,532,617,618,620,621,624,625,626,627,629,630,633]}"
0PV-a.01_6osy_R_S_KB2_QGA,"{'A': [229,79,80,81,82,83,84,85,87],'B': [512,513,514,515,516,517,518,519,520,521],'D': [637,638,639,640,641]}"
VRC01.23_6vi0_H_L_GCI_BAF,"{'A': [105,197,198,276,278,279,280,281,282,283,365,366,367,368,370,371,425,426,427,428,429,430,431,455,456,457,458,459,460,461,462,465,466,467,469,471,472,473,474,475,476,97],'E': [206,207,304,306,314,316,318]}"
3H109L_6w03_H_L_G_B,"{'A': [134,135,136,321A,322,323,324,325,326,327,328,330,415,417]}"
35O22_5fyk_D_E_G_B,"{'A': [238,239,240,31,87,88,89,90,91,92],'B': [527,528,529,532,618,620,621,624,625,626,627,629,630,633]}"
vFP52.02_8g85_H_L_JGD_KBE,"{'A': [79,80,81,82,83,84,85,87],'B': [512,513,514,515,516,517,518,519,520]}"
VRC42.N1_6mtq_H_L__T,"{'B': [100,101,103,118,119,120,121,122,123,124,125,127,128,129,131,132,134,135,162,56,60,61,62,64,73,75,78]}"
17b_2ny4_D_C_A_,"{'A': [119,120,122,200,202,203,204,205,419,420,421,422,423,432,433,434,435,436,437]}"
17b_1gc1_H_L_G_,"{'A': [119,121,200,202,203,204,205,419,420,421,422,423,432,433,434,435,437]}"
3BNC117_7ly9_B_C_GKD_FNJ,"{'A': [197,198,199,275,276,278,279,280,281,282,357,364,365,366,367,368,370,371,428,429,430,431,455,456,457,458,459,460,461,462,465,466,467,469,470,471,472,473,474,476],'E': [306,307,308,312,314,315,316,318]}"
PGT151_6dcq_H_L_AEC_BFD,"{'A': [244,245,246,58,78,80,82,83,84],'B': [512,513,514,515,516,517,518,519,520,521,522,539,542,543,548],'D': [637,638,640,641,643,644]}"
10E8_6vpx_H_L_CAE_DBF,"{'A': [31,32,500],'B': [619,620,623,624],'D': [660,663,664]}"
35O22_5u7o_D_E_G_B,"{'A': [238,239,240,87,88,89,90,91,92],'B': [527,528,529,532,617,618,620,621,623,624,625,626,627,629,630,633]}"
VRC03_6cue_q_r_c2C_d1D,"{'A': [198,276,278,279,280,281,282,283,365,366,367,368,370,371,425,426,427,428,429,430,455,456,457,458,459,460,461,462,463,465,466,467,469,471,473,474,475,97],'E': [205,206,207,314,316,318,65]}"
PGT145 DU303_8flw_H_L_GCI_BAF,"{'A': [123,124,127,160,161,162,166,167,169],'C': [160,166,167,168,169],'E': [123,124,127,160,161,162,166,167,168,169]}"
VRC07-G54L_4olx_H_L_G_,"{'A': [102,105,106,124,198,257,275,276,278,279,280,281,282,283,365,366,367,368,370,371,425,426,427,428,429,455,456,457,458,459,460,461,463,465,466,467,469,472,473,474,475,476,480,97,99]}"
vFP20.01_6cde_h_l_c2C_d1D,"{'A': [227,229,230,231,240,241,246,249,267,78,79,80,81,82,83,85,86,87,88],'B': [512,513,514,515,516,517,518,519,520,527,528,529,532]}"
PGT122_6n1v_M_N_CAB_DEF,"{'A': [134,135,136,137,321A,322,323,324,325,326,327,328,330,415,416,417]}"
PGT121_7uoj_h_l_GIA_BJC,"{'A': [135,136,137,139,150,321A,322,323,324,325,326,327,328,330,332,415,417]}"
vFP53.02_8fr6_D_E_CIG_AFB,"{'A': [229,231,241,80,82,85,87],'B': [512,513,514,515,516,517,518,519,524,528,529,532,535]}"
PGT122_5fyj_H_L_G_B,"{'A': [134,135,136,137,138B,138,322A,322,323,324,325,326,327,328,330,415,417]}"
PGT151_6olp_G_I_CAE_DBF,"{'A': [224,244,245,246,58,59,78,79,80,82,83,84],'B': [512,513,514,515,516,517,518,519,520,521,522,539,542,543],'D': [637,638,640,641,643,644]}"
DFPH-a.15_6mqe_A_B__D,"{'B': [512,513,514,515,516,517,518,519]}"
3H109L_6muf_H_L_G_B,"{'A': [135,321A,322,323,324,325,326,327,328,330,332,415,417]}"
35O22_6ce0_D_E_G_B,"{'A': [238,240,32,87,88,89,90,91,92],'B': [527,528,529,532,616,617,618,620,621,624,625,627,629,630,633]}"
1B2530_4yfl_H_L_G_,"{'A': [124,257,258,275,276,278,279,280,281,282,357,362,364,365,366,367,368,371,372,425,427,428,429,455,456,457,458,459,460,461,462,463,466,467,469,470,471,472,473,474,96,97]}"
N49-P9.6-FR3_7uoj_H_L_GIA_BJC,"{'A': [197,198,278,279,280,281,282,360,365,366,367,368,370,371,425,426,427,428,430,431,455,456,457,458,459,460,461,462,463,467,469,471,472,473,474,475,97],'E': [206,207,304,308,314,316,318,65,67]}"
VRC03_6cdi_8_7_dC2_ADc,"{'C': [120,205,206,207,314,316,318,64,65],'E': [197,198,276,278,279,280,281,282,283,360,365,366,367,368,370,371,425,426,427,428,429,430,431,455,456,457,458,459,460,461,462,463,465,466,467,469,471,473,474,475,97]}"
A12V163-a.01_6n1v_1_2_ABC_EFD,"{'A': [229,241,80,81,82,83,84,85,86,87,88],'B': [512,513,514,515,516,517,518,519,520,521,528]}"
3BNC117_7ly9_E_I_DGK_JFN,"{'A': [197,198,275,276,278,279,280,281,282,353,356,357,364,365,366,367,368,370,371,428,429,430,431,455,456,457,458,459,460,461,462,465,466,467,469,470,471,472,473,474],'E': [207,306,307,308,312,314,315,316,317,318,64]}"
35O22_6mtj_D_E_G_B,"{'A': [238,240,87,88,90,91,92],'B': [527,528,529,532,618,620,621,624,625,627,629,630,633]}"
VRC03_6mpg_8_7_2VC_AUD,"{'A': [197,198,276,278,279,280,281,282,283,360,365,366,367,368,370,371,425,427,428,429,430,431,455,456,457,458,459,460,461,462,463,465,466,467,469,473,474,97],'E': [205,206,207,304,314,316,318,65]}"
vFP53.02_8fr6_J_K_IGC_FBA,"{'A': [229,231,241,80,82,85,87],'B': [512,513,514,515,516,517,518,519,524,527,528,529,532,535]}"
PGT122_6n1v_Y_a_ABC_EFD,"{'C': [134,135,136,137,321A,322,323,324,325,326,327,328,330,415,416,417]}"
PG9_5vj6_H_L_DEF_ABC,"{'A': [167],'C': [160,163,165,166,167,168,169,170,171,172,173,305,306,307],'E': [169,184,185]}"
VRC03_6cuf_8_7_2dC_AcD,"{'A': [198,257,276,278,279,280,281,282,283,365,366,367,368,370,371,425,426,427,428,429,430,431,455,456,457,458,459,460,461,462,463,465,466,467,469,471,472,473,474,475,97],'E': [205,206,207,314,316,318,64,65]}"
17b_1rzj_H_L_G_,"{'A': [119,120,122,200,202,203,204,205,419,420,421,422,423,432,433,434,435,436,437]}"
PGT124_6ce0_H_L_G_B,"{'A': [134,299,322,324,325,326,327,328,329,330,415,416,417,442]}"
3H109L_6mu7_H_L_G_B,"{'A': [134,135,136,137,138,139,321A,322,323,324,325,326,327,328,330,332,415,417]}"
0PV-b.01_6ot1_M_N_PEG_DOB,"{'A': [80,82],'B': [512,513,514,515,516,517,518,519,520,521,532,535,539,542,543],'D': [613,614,637,638,640,641,644,645,648,652,655]}"
PGT145_8dvd_H_L_ABC_DEF,"{'D': [160,162,166,167,168,169,310],'F': [127,128,160,162,166,169,185C,185D,186,188]}"
A12V163-a.02_6p60_J_K__L,"{'B': [512,513,514,515,516,517,518,519]}"
A12V163-a.01_6n1v_H_L_CAB_DEF,"{'A': [229,241,80,81,82,83,84,85,86,87,88],'B': [512,513,514,515,516,517,518,519,520,521,528]}"
0PV-a.01_6mqr_H_L__A,"{'B': [512,513,514,515,516,517,518,519]}"
VRC34.01_mm28_8f7z_C_D__K,"{'B': [512,513,514,515,516,517,518,519]}"
VRC07-G54F_4olv_H_L_G_,"{'A': [102,105,106,124,198,257,275,276,278,279,280,281,282,283,365,366,367,368,370,371,375,425,426,427,428,429,455,456,457,458,459,460,461,463,465,466,467,469,472,473,474,475,476,480,97,99]}"
3H109L_5v7j_H_L_G_B,"{'A': [134,135,136,137,139,140,321A,322,323,324,325,326,327,328,330,332,415]}"
0PV-c.01_6nf2_W_X_QGA_RBI,"{'A': [229,231,265,266,267,80,82,83,84,85,87],'B': [512,513,514,515,516,517,518,519,520,521,524,535,536,542],'D': [648,655]}"
CH03_5esv_H_L_G_,"{'A': [130,158,160,166,167,168,169,170,171,173]}"
35O22_6w03_D_E_G_B,"{'A': [238,240,87,88,89,90,91,92],'B': [527,528,529,532,617,618,620,621,624,625,627,629,630,633]}"
VRC01_FR3-03_6nnf_U_V_G_B,"{'A': [197,198,276,278,279,280,281,282,283,360,365,366,367,368,370,371,427,428,429,430,431,455,456,457,462,463,465,466,467,469,471,472,473,474,475,476]}"
NC-Cow1_6opa_S_R_G_B,"{'A': [257,258,279,280,281,282,283,364,365,366,367,368,369,370,371,372,425,426,429,455,456,457,458,469,470,471,472,473,474,475,476,477]}"
1-18_6udj_N_O_GPJ_CFM,"{'A': [102,195,198,257,275,276,278,279,280,281,282,283,365,366,367,368,370,371,425,426,428,429,430,455,457,458,459,460,461,469,470,471,472,473,474,475,476,480,49,96,97,98,99],'E': [205,206,207,304,306,307,308,316,318]}"
35O22_6muf_D_E_G_B,"{'A': [238,240,88,89,90,91,92],'B': [527,528,529,531,532,617,618,620,621,624,625,627,629,630,633]}"
VRC03_6n1w_r_q_cC2_dDA,"{'C': [120,205,206,207,314,316,318,64,65],'E': [197,198,276,278,279,280,281,282,283,360,365,366,367,368,370,371,425,426,427,428,429,430,431,455,456,457,458,459,460,461,462,463,465,466,467,469,471,473,474,475,97]}"
8ANC195_5cjx_D_E_YKG_XJB,"{'A': [236,237,238,275,276,277,278,280,352,353,354,44,456,45,46,47,487,492,89,90,91,92,93,94,97],'B': [612,613,615,616,617,629,630,632,633,634,636,637,638]}"
DF2F-d.01_xx03_H_L_XZY_ACB,"{'A': [229,80,81,82,83,84,85,87],'B': [512,513,514,515,516,517,518,519,520,525,528,532,533,535,536,538,539],'D': [638,641,645,647,648,651,652]}"
PGT122_9ber_J_K_FGA_iBC,"{'A': [134,322,323,324,325,326,327,328,330,415,417]}"
3H109L_6wix_H_L_G_B,"{'A': [134,135,136,321A,322,323,324,325,326,327,328,330,332,415,417]}"
17b_1yyl_H_L_G_,"{'A': [119,120,122,200,202,203,204,205,419,420,421,422,423,432,433,434,435,437]}"
8ANC195_5vj6_M_N_DEF_ABC,"{'C': [236,237,238,275,276,277,278,352,353,354,44,456,45,463,46,47,487,89,90,91,92,93,94],'D': [612,613,615,616,617,626,629,630,632,633,634,636,637,638]}"
3BNC117_5v8l_I_M_DCA_EFB,"{'A': [197,198,199,275,276,278,279,280,281,282,360,364,365,366,367,368,371,372,428,430,431,455,456,457,458,459,460,461,462,463,465,467,469,470,471,472,473,474,476],'E': [207,306,307,308,315,316,318]}"
VRC34.01_mm28_8f7z_G_H__M,"{'B': [512,513,514,515,516,517,518,519]}"
VRC34.01_mm28_8f7z_A_B__I,"{'B': [512,513,514,515,516,517,518,519]}"
3H109L_6nnf_H_L_G_B,"{'A': [134,135,136,321A,322,323,324,325,326,327,328,330,415,417]}"
VRC01GL_6myy_G_F_EAB_,"{'A': [275,276,278,279,280,281,282,356,365,366,367,368,370,371,428,430,455,456,457,458,459,460,461,465,466,467,469,472,473]}"
VRC01GL_6myy_H_L_ABE_,"{'A': [275,276,278,279,280,281,282,356,365,366,367,368,370,371,428,430,455,456,457,458,459,460,461,465,466,467,469,472,473]}"
VRC08_4xmp_H_L_G_,"{'A': [102,103,105,106,109,124,198,275,276,278,279,280,281,282,283,353,357,365,366,367,368,371,425,426,427,428,429,430,431,455,456,457,458,459,460,461,465,466,467,469,474,476,480,49,96,97,99]}"
PGT122_9ber_D_E_AFG_CIB,"{'A': [134,301,322,323,324,325,326,327,328,330,415,416,417]}"
3BNC117_9bew_F_I_AMG_ENB,"{'A': [197,198,275,276,278,279,280,281,282,283,353,364,365,366,367,368,370,371,428,455,456,457,458,459,460,461,463,465,467,469,470,471,472,473,474,476],'E': [207,306,308,316,318]}"
VRC03_6mph_f_h_ABC_6ED,"{'A': [198,276,278,279,280,281,282,283,360,365,366,367,368,370,371,425,426,427,428,429,430,431,455,456,457,458,459,460,461,462,463,465,466,467,469,471,473,474,475,97],'E': [205,206,207,314,316,318,64,65]}"
PGT122_6cde_m_n_c2C_d1D,"{'A': [135,136,137,150,321A,322,323,324,325,326,327,328,329,330,415,416,417]}"
PGT128_3tyg_H_L_A_,"{'A': [100,103,104,107,111,112,113,114,115,116,119]}"
vFP48.03_6x78_B_A__I,"{'B': [512,513,514,515,516]}"
PGT122_9ber_H_L_GAF_BCI,"{'A': [134,301,321A,322,323,324,325,326,327,328,329,330,415,416,417]}"
VRC-PG20_4lsu_H_L_G_,"{'A': [122,123,124,255,257,275,276,278,279,280,281,282,365,366,367,368,370,371,375,425,426,427,430,431,432,455,456,457,458,459,460,461,463,465,466,467,469,470,471,472,473,474,475,97]}"
3BNC117_5v8l_H_L_ADC_BEF,"{'A': [197,198,275,276,278,279,280,281,282,360,364,365,366,367,368,371,428,430,455,456,457,458,459,460,461,463,465,467,469,470,471,472,473,474,476],'E': [306,307,308,314,315,316,318]}"
vFP20.01_6cde_3_4_2Cc_1Dd,"{'A': [227,229,230,231,240,241,246,249,267,78,79,80,81,82,83,85,86,87,88],'B': [512,513,514,515,516,517,518,519,520,527,528,529,532]}"
b13_3idy_B_C_A_,"{'A': [281,364,365,366,367,368,369,370,371,372,373,375,384,386,417,418,419,421,425,426,472,473,474,476]}"
10-1074_6v8z_D_E_AMG_BNH,"{'A': [134,140,141,142,150,299,323A,323,324,325,326,327,328,330,415,417],'C': [77]}"
1B2530_4yfl_F_I_E_,"{'A': [102,105,275,276,278,279,280,281,282,364,365,366,367,368,371,427,428,429,455,456,457,458,459,460,461,462,467,469,470,471,473,474,475,480,49,96,97,99]}"
VRC01_3ngb_H_L_G_,"{'A': [123,124,198,276,278,279,280,281,282,283,360,365,366,367,368,371,427,428,429,430,455,456,457,458,459,460,461,463,465,466,467,469,472,473,474,476,97]}"
3BNC117_4lsv_H_L_G_,"{'A': [123,124,198,275,276,278,279,280,281,282,283,352,353,354,357,360,362,364,365,366,367,368,371,430,431,455,456,457,458,459,460,463,465,466,467,469,470,471,472,473,474,476,97]}"
PGT151_6mar_M_N_AEC_BFD,"{'A': [244,245,246,77,78,79,80,82,83,84],'B': [512,513,514,515,516,517,518,519,520,521,522,539,542,543],'D': [588,592,595,596,637,638,640,641,643,644,647],'F': [605]}"
vFP6.01_6p8d_D_E__F,"{'B': [512,513,514,515,516,517,518,519]}"
VRC03_6mph_g_i_BCA_ED6,"{'A': [198,276,278,279,280,281,282,283,360,365,366,367,368,370,371,425,426,427,428,429,430,431,455,456,457,458,459,460,461,462,463,465,466,467,469,471,473,474,475,97],'E': [205,206,207,314,316,318,64,65]}"
45-VRC01.H08.F-117225_4s1r_H_L_G_,"{'A': [102,105,106,109,275,276,278,279,280,281,282,283,357,365,366,367,368,371,427,428,429,430,455,456,457,458,459,460,461,462,463,465,466,467,469,472,473,474,476,480,97,99]}"
VRC03_6n1v_f_h_BCA_FDE,"{'C': [206,207,314,316,318,64,65],'E': [198,276,278,279,280,281,282,283,365,366,367,368,370,371,425,426,427,428,429,430,455,456,457,458,459,460,461,462,463,465,466,467,469,471,472,473,474,475,97]}"
35O22_6wix_D_E_G_B,"{'A': [238,239,240,87,88,89,90,91,92],'B': [527,528,529,531,532,617,618,620,621,623,624,625,627,629,630,633]}"
10-1074_5t3z_H_L_G_B,"{'A': [135,136,137,321A,322,323,324,325,326,327,328,330,415,417]}"
0PV-a.04_6pds_H_L__G,"{'B': [512,513,514,515,516,517,518]}"
VRC13.01_4ydj_A_B_I_,"{'A': [102,275,279,280,281,282,283,327,364,365,366,367,368,369,371,372,373,384,419,420,421,422,423,455,458,459,469,470,471,472,473,474,476,477,480,96,97]}"
DFPH-a.15_6n1w_3_4_2cC_AdD,"{'A': [80,81,82,83,84,85],'B': [512,513,514,515,516,517,518,519,520,535,536,539,542],'D': [640,641,643,644,645,647,648]}"
ACS202_6nc2_H_L_ACD_BIJ,"{'A': [230,231,232,240,241,242,268,85,86,87,88],'B': [512,513,514,515,516,517,518,519,520,525,528,532,533,535,536]}"
CH59_4hpy_H_L_P_,"{'A': [168,169,170,171,172,173,175,176,177,178]}"
vFP1.01_6cuf_H_L_C2d_DAc,"{'A': [227,229,230,231,240,241,249,250,267,79,80,81,82,83,84,85,87,88],'B': [512,513,514,515,516,517,518,519,524,525,528]}"
35O22_6nnf_D_E_G_B,"{'A': [238,240,87,88,89,90,91,92],'B': [527,528,529,532,617,618,620,621,624,625,626,627,629,630,633]}"
PGT122_6cdi_m_n_2dC_cAD,"{'C': [134,135,136,137,138,150,301,321A,322,323,324,325,326,327,328,329,330,415,416,417]}"
35O22_5fyl_D_E_G_B,"{'A': [238,240,87,88,89,90,91,92],'B': [527,528,529,532,617,618,620,621,624,625,627,629,630,633]}"
PGT122_6cuf_M_N_C2d_DAc,"{'A': [135,136,137,150,301,321A,322,323,324,325,326,327,328,329,330,415,416,417]}"
VRC01_5fyk_U_V_G_B,"{'A': [105,109,195,198,199,275,276,278,279,280,281,283,365,366,367,368,370,371,425,427,428,429,431,455,456,457,458,459,460,461,464,465,466,467,469,471,472,473,474,475,476,97]}"
DFPH-b.03wk29_xx04_H_L_XZY_ACB,"{'A': [85,87,88],'B': [512,513,514,515,516,517,518,519,520,525,527,528,529,531,532,535,536,620,623,624,625]}"
HJ16_4ye4_H_L_G_,"{'A': [278,279,280,281,283,360,362,363,364,365,366,367,371,455,456,457,458,459,460,461,462,463,469,471,472,473,474,476]}"
13N024-a.01_6pdu_H_L__C,"{'B': [512,513,514,515,516,517,518,519]}"
VRC07_4olu_H_L_G_,"{'A': [102,106,124,198,275,276,278,279,280,281,282,283,365,366,367,368,370,371,427,428,429,455,456,457,458,459,460,461,463,465,466,467,469,472,473,474,476,480,96,97,99]}"
10-1074_8ttw_Q_R_IEA_JFB,"{'A': [134,137,138,139,140,322,323,324,325,326,327,328,330,332,415,417]}"
0PV-c.01_6nf2_H_L_GAQ_BIR,"{'A': [229,231,265,266,267,80,82,83,84,85,87],'B': [512,513,514,515,516,517,518,519,520,521,524,535,536,539,542],'D': [648,655]}"
2C06_8g4m_H_L_IGC_FBA,"{'A': [227,229,241,79,80,81,82,83,84,85,87,88],'B': [514,515,516,517,518,519,520,524,528,531,532,535,538,539,542],'D': [592,640,641,643,644,645,647,648]}"
A12V163-a.02_6p60_G_H__I,"{'B': [512,513,514,515,516,517,518,519]}"
VRC03_6e5p_V_W_ACE_BDF,"{'A': [279,365,366,367,368,370,371,428,457,458,459,460,461,462,473],'E': [205,206,207,314,316,65]}"
RM6561.DH1021.14_7ur6_J_K_FGA_IBC,"{'A': [231,268,80,81,82,83,84,85,86,87],'B': [512,513,514,515,517,519,520,521,524,525,528,529,532,535,536]}"
2.2c_4r4f_H_L_A_,"{'A': [218,219,220,221,246,247,53,54,57,58,59,60,61,71,72,73,74,75,76,77,78,79,80]}"
10E8_4u6g_A_B_C_,"{'A': [668,670,671,672,673,676,677,679,680,682,683]}"
TRNM-b.01_8tdx_B_C__F,"{'B': [512,513,514,515,516,517,518,519]}"
6a7_3ley_H_L__P,"{'B': [660,661,662,663,664,665,666,667]}"
3H109L_6nnj_H_L_G_B,"{'A': [134,135,151,321A,322,323,324,325,326,327,328,330,415,417]}"
PGT122_6cde_M_N_Cc2_Dd1,"{'A': [135,136,137,150,321A,322,323,324,325,326,327,328,329,330,415,416,417]}"
VRC42.01_6mto_H_L__T,"{'B': [100,101,115,118,119,11,120,121,122,123,124,125,127,128,131,165,166,167,56,60,61,62,64,73,75,76,77,78]}"
0PV-d.01_xx01_H_L_ABC_DEF,"{'A': [79,80,82,88],'B': [512,513,514,515,516,517,518,519,520,542,543,546],'D': [611,613,614,637,638,640,641,644,645,647,648]}"
10E8_6vpx_M_O_AEC_BFD,"{'C': [39,499,501],'D': [525,528,529,531,532,534,535,536,619,620,623,624],'F': [656,659,660,661,662,663,664]}"
VRC07-G54H_4olw_H_L_G_,"{'A': [102,106,124,198,275,276,278,279,280,281,282,283,365,366,367,368,370,371,425,426,427,428,429,430,455,456,457,458,459,460,461,463,465,466,467,469,472,473,474,475,476,480,97,99]}"
VRC01_4lst_H_L_G_,"{'A': [105,122,123,124,275,276,278,279,280,281,282,283,357,360,364,365,366,367,368,371,425,427,428,429,430,431,432,455,456,457,458,459,460,461,462,464,465,466,467,469,472,473,474,476,97]}"
PGT122_6nf2_E_F_GAQ_BIR,"{'A': [134,135,136,137,141,150,301,321A,322,323,324,325,326,327,328,330,415,416,417]}"
VRC03_6cue_7_8_2Cc_1Dd,"{'A': [198,276,278,279,280,281,282,283,360,365,366,367,368,370,371,425,426,427,428,429,430,431,455,456,457,458,459,460,461,462,463,465,466,467,469,471,473,474,475,97],'E': [205,206,207,314,316,318,64,65]}"
10E8-S74W_5iq7_H_L__P,"{'B': [667,670,671,672,673,676,677,679,680,682,683]}"
VRC01.23_6vi0_E_D_CIG_AFB,"{'A': [105,197,198,276,278,279,280,281,282,283,365,366,367,368,370,371,425,426,427,428,429,430,431,455,456,457,458,459,460,461,462,465,466,467,469,471,472,473,474,475,476,97],'E': [206,207,304,306,314,316,318]}"
8ANC195_5vj6_Q_R_DEF_ABC,"{'E': [236,237,238,275,276,277,278,352,353,354,44,456,45,463,46,487,89,90,91,92,93,94],'F': [612,613,615,616,617,626,629,630,632,633,634,636,637,638]}"
PGT122_6ot1_Q_R_EGP_OBD,"{'E': [134,135,136,137,321A,322,323,324,325,326,327,328,330,415,416,417]}"
PGT122_6n1w_M_N_cC2_dDA,"{'A': [135,136,137,301,321A,322,323,324,325,326,327,328,330,415,416,417]}"
VRC03_6nf2_N_M_AQG_IRB,"{'A': [198,276,278,279,280,281,282,283,360,365,366,367,368,370,371,425,426,427,428,429,430,431,455,456,457,458,459,460,461,462,463,465,466,467,469,471,473,474,475,97],'E': [205,206,207,314,316,318,64,65]}"
m66_4nrx_A_B__C,"{'B': [656,657,659,660,661,662,663,664,665,666,667,668]}"
35O22_6de7_D_E_G_B,"{'A': [238,240,87,88,89,90,91,92],'B': [527,528,529,531,532,617,618,620,621,624,625,626,627,629,630,633]}"
48d_4dvr_H_L_G_,"{'A': [119,120,122,200,202,203,204,205,207,324,325,326,327,369,419,421,422,423,425,432,433,434,435,436,437,438]}"
8ANC131_4rwy_H_L_A_,"{'A': [102,122,123,124,275,276,278,279,280,281,282,283,365,366,367,368,370,371,425,426,427,428,429,430,431,432,455,456,457,458,459,460,461,472,473,474,476,480,96,97,98,99]}"
A12V163-a.02_6p60_C_D__F,"{'B': [512,513,514,515,516,517,518,519]}"
VRC03_6nf2_V_U_QGA_RBI,"{'A': [198,276,278,279,280,281,282,283,360,365,366,367,368,370,371,425,426,427,428,429,430,431,455,456,457,458,459,460,461,462,463,465,466,467,469,471,473,474,475,97],'E': [205,206,207,314,316,318,64,65]}"
8ANC195_5cjx_H_L_GYK_BXJ,"{'A': [234,236,237,238,275,276,277,278,351,352,353,44,456,45,46,47,487,492,89,90,91,92,93,94,97],'B': [612,613,614,615,616,617,626,629,630,632,633,634,636,637,638]}"
PG9RSH DU011_8fk5_H_L_GCI_BAF,"{'A': [169],'C': [167,169],'E': [158,160,166,167,168,169,170,171,172,173]}"
35O22_5u7m_D_E_G_B,"{'A': [238,239,240,87,88,89,90,91,92],'B': [527,528,529,532,617,618,620,621,623,624,625,626,627,629,630,633]}"
F105_3hi1_H_L_G_,"{'A': [105,108,109,112,210,255,256,257,279,280,281,283,365,366,367,368,369,370,371,375,376,382,384,421,424,425,426,429,455,471,472,473,474,475,476,477]}"
vFP6.01_6p8d_A_B__C,"{'B': [512,513,514,515,516,517,518,519]}"
VRC03_6mpg_q_r_VC2_UDA,"{'A': [197,198,276,278,279,280,281,282,283,360,365,366,367,368,370,371,425,427,428,429,430,431,455,456,457,458,459,460,461,462,463,465,466,467,469,473,474,97],'E': [120,205,206,207,304,314,316,318,65]}"
2C06_8g4m_D_E_CIG_AFB,"{'A': [227,229,231,240,241,267,79,80,81,82,83,85,87,88],'B': [512,513,514,515,516,517,518,519,520,524,528,532,535,538,539,542],'D': [644,647,648,651]}"
VRC-PG05_6bf4_B_C_A_,"{'A': [262,290,291,292,293,334,336,337,399,446,447,448]}"
PGT145_8jtm_J_N_ACD_BEF,"{'A': [121,123,124,127,160,161,162,166,167,169,309],'C': [123,124,127,128,160,161,162,166,167,168,169],'E': [121,123,124,160,162,166,167,168,169,309,315]}"
VRC42.01_6mtp_A_B__Q,"{'B': [670,671,672,673,674,675,676,677,679,680,683,684]}"
3H109L_5cez_H_L_G_B,"{'A': [134,135,136,137,139,140,321A,322,323,324,325,326,327,328,330,332,415,417]}"
VRC01GL_6myy_D_C_BEA_,"{'A': [275,276,278,279,280,281,282,356,365,366,367,368,370,371,428,430,455,456,457,458,459,460,461,465,466,467,469,472,473]}"
VRC-CH31_N70D_4lsq_H_L_G_,"{'A': [122,276,278,279,280,281,282,353,354,357,365,366,367,368,370,371,427,429,432,455,456,457,458,459,460,461,463,466,467,469,472,473,474,476,97]}"
45-VRC01.H03+06.D-001739_4s1q_H_L_G_,"{'A': [122,123,124,198,257,276,278,279,280,281,282,283,357,365,366,367,368,370,371,375,425,426,427,428,429,430,431,432,455,456,457,458,459,460,461,462,463,465,466,467,469,472,473,474,475,97]}"
ITS92.02_8dua_J_K_ICG_FAB,"{'A': [33,34,35,500,502],'B': [607,608,609,610,611,612,613,614,638,641,642,645,648,652],'D': [664]}"
35O22_6nnj_D_E_G_B,"{'A': [238,240,87,88,89,90,91,92],'B': [527,528,529,532,617,618,620,621,624,625,627,629,630,633]}"
VRC-CH31_4lsp_H_L_G_,"{'A': [276,278,279,280,281,282,353,354,357,365,366,367,368,371,429,432,455,456,457,458,459,460,461,462,463,465,466,473,474,476]}"
CH103_4jan_A_B_I_,"{'A': [279,280,281,363,364,365,366,367,368,369,370,371,455,457,458,459,460,461,462,463,469,470,472]}"
17b_2ny2_D_C_A_,"{'A': [119,120,122,200,202,203,204,205,419,420,421,422,423,432,433,434,435,436,437]}"
3H109L_6de7_H_L_G_B,"{'A': [134,135,136,137,138,139,150,321A,322,323,324,325,326,327,328,329,330,415,416,417]}"
11F10_3lex_H_L__P,"{'B': [660,661,662,663,664,665,666,667]}"
2411a_7jks_H_L_G_,"{'A': [275,276,278,279,280,281,282,283,357,365,366,367,368,370,371,425,426,427,428,429,430,455,456,457,458,459,460,461,462,466,467,468,470,472,473,474,475,476,97]}"
VRC03_6osy_E_F_2KB_AQG,"{'C': [205,206,207,304,314,315,316,318,64,65],'E': [197,198,199,257,276,278,279,280,281,282,283,365,366,367,368,370,371,425,426,427,428,429,430,431,455,456,457,458,459,460,461,462,463,465,466,469,471,472,473,474,475]}"
PGT122_6ot1_m_n_GPE_BDO,"{'A': [134,135,136,137,321A,322,323,324,325,326,327,328,330,415,416,417]}"
VRC03_6cdi_Q_R_C2d_DcA,"{'A': [197,198,276,278,279,280,281,282,283,360,365,366,367,368,370,371,425,426,427,428,429,430,431,455,456,457,458,459,460,461,462,463,465,466,467,469,471,473,474,475,97],'E': [120,205,206,207,314,316,318,64,65]}"
VRC38.01_5vgj_H_L_G_,"{'A': [130,132,133,134,135,136,156,157,158,159,160,168,171,172,173]}"
PGT122_6mpg_M_N_C2V_DAU,"{'A': [134,135,136,137,321A,322,323,324,325,326,327,328,330,415,416,417]}"
ITS92.02_8dua_D_E_CGI_ABF,"{'A': [33,34,35,502],'B': [607,608,609,610,611,612,613,614,638,641,642,645,648,652],'D': [664]}"
C38-VRC18.02_4ydl_B_C_A_,"{'A': [105,123,124,276,278,279,280,281,282,365,366,367,368,371,427,428,429,430,455,456,457,458,459,460,461,462,463,465,466,467,469,472,473,474,475]}"
VRC01.23_6vi0_K_J_IGC_FBA,"{'A': [105,197,198,276,278,279,280,281,282,283,365,366,367,368,370,371,425,426,427,428,429,430,431,455,456,457,458,459,460,461,462,465,466,467,469,471,472,473,474,475,476,97],'E': [206,207,304,306,314,316,318]}"
vFP16.02_6cdo_A_B__C,"{'B': [512,513,514,515,516,517,518,519]}"
vFP16.02_6cdi_H_L_C2d_DAc,"{'A': [227,229,230,231,240,241,267,268,485,80,81,82,83,84,85,87,88,89],'B': [512,513,514,515,516,517,518,519,520,528,532,535]}"
CH31_6nnj_U_V_G_B,"{'A': [102,105,106,109,194,197,198,276,278,279,280,281,282,352,353,365,366,367,368,371,428,429,430,431,455,456,457,458,465,466,467,472,473,474,476]}"
NCI09_6vry_H_L_G_,"{'A': [163,164,165,166,167,168,169,170,171,172,173]}"
DFPH-a.15_6n1w_H_L_C2c_DAd,"{'A': [80,81,82,83,84,85],'B': [512,513,514,515,516,517,518,519,520,521,535,536,539,542],'D': [640,641,643,644,645,647,648]}"
10E8_6vpx_K_N_ECA_FDB,"{'B': [659],'E': [32,39,499,500,501],'F': [525,528,529,531,532,533,534,535,536,603,619,620,623,624]}"
2C09_8g4t_J_K_GCI_BAF,"{'A': [229,241,79,80,81,82,83,84,85,87,88],'B': [512,513,514,515,516,517,518,519,520,528,529,532,535,539,542]}"
2.2c_4r4n_H_L_A_,"{'A': [218,219,220,221,246,53,57,58,59,60,61,62,71,72,73,74,75,76,77,78,79,80]}"
PGT122_6ot1_F_I_PEG_DOB,"{'C': [134,135,136,137,321A,322,323,324,325,326,327,328,330,415,416,417]}"
35O22_5cez_D_E_G_B,"{'A': [238,240,87,88,90,91,92],'B': [527,528,529,532,617,618,620,621,624,625,626,627,629,630,633]}"
PGT122_6osy_M_N_B2K_GAQ,"{'E': [134,135,136,137,139,141,150,301,321A,322,323,324,325,326,327,328,329,330,415,416,417]}"
2.2c_4r4n_T_U_S_,"{'A': [218,219,220,221,246,53,57,58,59,60,61,62,71,72,73,74,75,76,77,78,79,80]}"
3H109L_6vzi_H_L_G_B,"{'A': [134,321A,322,323,324,325,326,327,328,330,332,415,417]}"
10E8v4-5R+100cF_5wdf_H_L__P,"{'B': [668,669,670,671,672,673,675,676,677,679,680,682,683]}"
PGT122_6mph_M_N_CAB_D6E,"{'A': [134,135,136,137,150,321A,322,323,324,325,326,327,328,330,415,416,417]}"
VRC06B_4xnz_E_F_D_,"{'A': [123,124,198,257,275,276,278,279,280,281,282,283,354,357,365,366,367,368,370,371,425,426,427,428,429,430,431,455,456,457,458,459,460,461,465,466,467,469,473,474,475,476]}"
PGT122_6n1w_5_6_C2c_DAd,"{'A': [135,136,137,301,321A,322,323,324,325,326,327,328,330,415,416,417]}"
VRC23_4j6r_H_L_G_,"{'A': [122,124,198,257,275,276,278,279,280,281,282,283,356,365,366,367,368,370,371,425,426,427,430,431,432,455,456,457,458,459,460,461,462,463,466,469,472,473,474,475,476,97]}"
b13_3idx_H_L_G_,"{'A': [281,282,283,364,365,366,367,368,369,370,371,372,373,375,384,386,419,421,425,426,455,472,473,474,476,477]}"
VRC03_6osy_O_P_KB2_QGA,"{'A': [197,198,199,257,276,278,279,280,281,282,283,365,366,367,368,370,371,425,426,427,428,429,430,431,455,456,457,458,459,460,461,462,463,465,466,469,471,472,473,474,475],'E': [205,206,207,314,316,318,64,65]}"
vFP16.02_6wx2_H_L__F,"{'B': [512,513,514,515,516,517,518,519]}"
35O22_6mug_D_E_G_B,"{'A': [238,240,87,88,89,90,91,92],'B': [527,528,529,531,532,617,618,620,621,624,625,627,629,630,633]}"
A12V163-a.01_6n1v_3_4_BCA_FDE,"{'A': [229,241,80,81,82,83,84,85,86,87,88],'B': [512,513,514,515,516,517,518,519,520,521,528]}"
0PV-b.01_6n16_H_L__F,"{'B': [512,513,514,515,516,517,518,519]}"
VRC01GL_6mzj_D_C_BEA_,"{'A': [278,279,280,281,365,366,367,368,370,371,428,456,457,458,459,460,461,472,473]}"
35O22_6ck9_D_E_G_B,"{'A': [238,239,240,87,88,89,90,91,92],'B': [527,528,529,531,532,617,618,619,620,621,624,625,626,627,629,630,633]}"
vFP1.01_5tkj_D_E__F,"{'B': [512,513,514,515,516,517,518,519]}"
PGT128_5aco_H_L_ADC_BFE,"{'A': [134,135,136,137,138,175,297,299,301,321A,322,323,324,325,326,327,442,444,445]}"
DFPH-a.15_6n1w_h_l_cC2_dDA,"{'A': [80,81,82,83,84,85],'B': [512,513,514,515,516,517,518,519,520,521,535,536,539,542],'D': [640,641,643,644,645,647,648,651]}"
PGT145_6nij_H_L_AEC_BDF,"{'A': [162,166,167,169],'C': [123,124,127,160,162,163,165,166,167,168,169,309,315],'E': [121,123,124,162,163,166]}"
PGT122_9bf6_G_H_FJC_BIA,"{'A': [135,149,150,151,322,323,324,325,326,327,328,330,415,417]}"
VRC03_6n1v_q_i_ABC_EFD,"{'C': [276,278,279,280,458,459,460,461,462]}"
10E8v4_5iq9_A_B__C,"{'B': [667,668,669,670,671,672,673,676,677,679,680,682,683]}"
ACS202_6nc2_R_W_FGE_MNK,"{'A': [230,231,232,240,241,242,268,85,86,87,88],'B': [512,513,514,515,516,517,518,519,520,525,528,532,533,535,536]}"
17b_2nxy_D_C_A_,"{'A': [119,120,122,200,202,203,204,205,419,420,421,422,423,432,433,434,435,436,437]}"
3H109L_6mu6_H_L_G_B,"{'A': [134,135,136,137,138,139,150,321A,322,323,324,325,326,327,328,330,332,415,417]}"
PGT122_6mtj_H_L_G_B,"{'A': [134,135,136,137,138,139,321A,322,323,324,325,326,327,328,330,332,415,417]}"
PGT122_6vlr_D_K_GHA_IJB,"{'C': [134,135,136,137,151,299,322,323A,323,324,325,326,327,328,330,415,417]}"
17b_1rzk_H_L_G_,"{'A': [119,120,122,198,200,202,203,204,205,419,420,421,422,423,432,433,434,436,437]}"
PGT128_5aco_I_K_DCA_FEB,"{'A': [134,135,136,137,138,175,297,299,301,321A,322,323,324,325,326,327,442,444,445]}"
35O22_6opa_F_I_G_B,"{'A': [238,240,32,87,88,90,91,92],'B': [527,528,529,532,617,618,620,621,624,625,626,627,629,630,633]}"
PGT122_6cue_M_N_Cc2_Dd1,"{'A': [134,135,136,137,321A,322,323,324,325,326,327,328,330,415,416,417]}"
PGT122_5u7o_H_L_G_B,"{'A': [134,135,136,137,299,321A,322,323,324,325,326,327,328,329,330,415,416,417]}"
35O22_5fyj_D_E_G_B,"{'A': [238,240,87,88,89,90,91,92],'B': [527,528,529,532,618,620,621,624,625,626,627,629,630,633]}"
b12_2ny7_H_L_G_,"{'A': [257,280,281,282,283,364,365,366,367,368,369,370,371,372,373,375,384,386,417,418,419,430,431,432,453,455,456,457,458,471,472,473,474,475]}"
3BNC117_9bew_O_P_MGA_NBE,"{'A': [197,198,275,276,278,279,280,281,282,283,353,364,365,366,367,368,370,371,428,455,456,457,458,459,460,461,463,465,467,469,470,471,472,473,474,476],'E': [207,306,308,316,318]}"
A12V163-b.01_6mpg_W_B_VC2_UDA,"{'A': [229,241,78,79,80,81,82,83,84,85,87,88],'B': [512,513,514,515,516,517,518,519,520,524,525,528,529,532,542,543],'D': [640,641]}"
35O22_6vzi_D_E_G_B,"{'A': [238,239,240,87,88,89,90,91,92],'B': [527,528,529,531,532,617,618,620,621,624,625,627,629,630,633]}"
TRNM-f.01_8to9_E_G_ABC_IJZ,"{'C': [102,105,106,109,113,182,198,199,255,257,281,365,366,367,368,369,370,371,425,426,427,428,429,430,431,432,472,473,474,475,476,479]}"
3H109L_6mug_H_L_G_B,"{'A': [134,135,321A,322,323,324,325,326,327,328,330,332,415,416,417]}"
vFP20.01_6cdp_A_B__C,"{'B': [512,513,514,515,516,517,518,519]}"
3BNC117_7ly9_A_M_KDG_NJF,"{'A': [196,197,198,199,275,276,278,279,280,281,282,283,353,357,360,362,364,365,366,367,368,370,371,428,429,430,431,455,456,457,458,459,460,461,462,465,467,469,470,471,472,473,474,97],'E': [163,164,207,306,308,312,313,314,315,316,318,64]}"
PGT122_5fyk_H_L_G_B,"{'A': [134,135,149,150,322,323,324,325,326,327,328,330,415,417]}"
10-1074_6udj_A_R_PJG_FMC,"{'A': [134,135,321A,322,323,324,325,326,327,328,330,415,417]}"
PGT122_4tvp_H_L_G_B,"{'A': [134,135,136,137,138,139,141,150,321A,322,323,324,325,326,327,328,329,330,415,417]}"
VRC03_6cuf_q_r_dC2_cDA,"{'A': [198,199,257,276,278,279,280,281,282,283,365,366,367,368,370,371,425,426,427,428,429,430,431,455,456,457,458,459,460,461,462,463,465,466,467,469,471,472,473,474,475,97],'E': [205,206,207,314,316,318,64,65]}"
DF1W-a.01_6mqm_G_H__I,"{'B': [512,513,514,515,516,517,518]}"
DFPH-a.15_6mqe_H_L__C,"{'B': [512,513,514,515,516,517,518,519]}"
vFP7.04_6cdm_D_E__F,"{'B': [512,513,514,515,516,517]}"
CH235_5f9w_H_L_G_,"{'A': [102,124,275,276,277,278,279,280,281,282,283,365,366,367,368,370,371,375,425,426,427,429,455,456,457,458,459,460,461,462,463,469,470,471,472,473,474,476,477,480,96,97]}"
ITS92.02_8dua_H_L_GIC_BFA,"{'A': [33,34,35,500,502],'B': [607,608,609,610,611,612,613,614,638,641,642,645,648,652],'D': [664]}"
3BNC117_4jpv_H_L_G_,"{'A': [122,124,198,275,276,278,279,280,281,282,353,354,357,365,366,367,368,371,429,430,431,455,456,457,458,459,460,461,463,464,466,467,469,470,471,472,473,474,97]}"
10-1074_8ttw_O_P_EAI_FBJ,"{'A': [134,137,138,139,140,322,323,324,325,326,327,328,330,332,415,417]}"
PGT122_6n1w_m_n_2cC_AdD,"{'A': [135,136,137,301,321A,322,323,324,325,326,327,328,330,415,416,417]}"
3H109L_6ck9_H_L_G_B,"{'A': [134,135,136,137,138,140,301,322A,322,323,324,325,326,327,328,329,330,332,415,416,417]}"
VRC03_6ot1_S_T_PEG_DOB,"{'A': [198,257,276,278,279,280,281,282,283,365,366,367,368,370,371,425,426,427,428,429,430,431,455,456,457,458,459,460,461,462,463,465,466,467,469,471,473,474,475,97],'E': [205,206,207,304,306,308,314,316,318,64]}"
VRC13.01_4ydj_H_L_G_,"{'A': [275,279,280,281,282,283,327,364,365,366,367,368,369,371,372,373,384,419,420,421,423,455,458,459,469,470,471,472,473,474,477,480,96,97]}"
VRC01_4lss_H_L_G_,"{'A': [105,122,123,124,275,276,278,279,280,281,282,283,365,366,367,368,371,427,428,429,430,431,432,455,456,457,458,459,460,461,463,465,466,467,469,472,473,474,476,97]}"
35O22_6mu6_D_E_G_B,"{'A': [238,240,87,88,90,91,92],'B': [527,528,529,532,618,620,621,624,625,627,629,630,633]}"
vFP16.02_6wwc_D_H__F,"{'B': [512,513,514,515,516,517,518,519]}"
CH58_4hpo_H_L_P_,"{'A': [167,168,169,170,171,172,173,174,175,176,177,178,179,180,181]}"
17b_2i60_H_L_G_,"{'A': [119,120,122,200,202,203,204,205,419,420,421,422,423,432,433,434,435,436,437]}"
PGT122_6vlr_E_M_HAG_JBI,"{'E': [134,135,136,137,322,323A,323,324,325,326,327,328,330,415,417]}"
412d_2qad_D_C_A_,"{'A': [119,120,122,200,201,202,203,204,205,206,207,322A,323,324,325,326,327,422,423,432,433,434,435,436,437,438,439,440]}"
vFP48.02_8gas_H_L_GDJ_BEK,"{'A': [229,231,82,83,84,85,87],'B': [512,513,514,515,516,517,518,519,520,521,528,529,532]}"
PGT151_6olp_H_L_ECA_FDB,"{'A': [244,245,246,57,58,77,79,80,81,82,83,84],'B': [512,513,514,515,516,517,518,519,520,521,522,539,542,543,547,548],'D': [592,637,638,640,641,643,644,647]}"
8ANC195_8ttw_C_D_AIE_BJF,"{'A': [236,237,238,275,276,277,278,351,352,353,354,44,456,45,460,46,47,487,489,90,91,92,93,94,97],'B': [612,613,614,615,616,629,630,632,633,634,636,637,638]}"
VRC03_3se8_H_L_G_,"{'A': [123,124,198,199,257,276,278,279,280,281,282,283,357,365,366,367,368,370,371,375,425,426,427,429,430,431,455,456,457,458,459,460,461,462,463,465,466,467,469,472,473,474,475,97]}"
PG9_3u4e_A_B_J_,"{'A': [158,160,162,163,164,166,167,168,169,170,171,172,173,223,242]}"
0PV-a.01_6osy_I_J_B2K_GAQ,"{'A': [229,78,79,80,81,82,83,84,85,87],'B': [512,513,514,515,516,517,518,519,520,521,522],'D': [637,638,639,640,641]}"
17b_4jm2_D_C_E_,"{'A': [119,120,122,200,202,203,204,205,326,327,419,421,422,423,432,433,434,435,436,437]}"
3H109L_6nm6_H_L_G_B,"{'A': [134,135,151,321A,322,323,324,325,326,327,328,330,332,415,417]}"
0PV-c.01_6mqc_H_L__C,"{'B': [512,513,514,515,516,517,518,519]}"
48d_3jwd_P_O_B_,"{'A': [119,120,122,200,202,203,204,205,206,207,369,419,421,422,423,432,433,434,435,436,437,438]}"
17b_1g9m_H_L_G_,"{'A': [119,120,122,200,202,203,204,205,419,420,421,422,423,432,433,434,435,436,437]}"
ACS202_6ncp_C_D__E,"{'B': [512,513,514,515,516,517,518,519,520]}"
10-1074_6v8z_J_K_GAM_HBN,"{'A': [134,140,141,142,150,299,323A,323,324,325,326,327,328,330,415,417],'E': [77]}"
VRC34.01_5i8c_A_B__C,"{'B': [512,513,514,515,516,517,518,519]}"
2F5_1tji_H_L__P,"{'B': [657,658,659,661,662,663,664,665,666,667,669,670]}"
VRC34-combo.1_8eli_H_L__A,"{'B': [512,513,514,515,516,517,518,519]}"
vFP1.01_5tkj_A_B__C,"{'B': [512,513,514,515,516,517,518,519]}"
NCI05_8fbw_C_D_E_,"{'A': [176,177,178,179,180,181,182,183,184,187,188]}"
A12V163-a.01_6mqs_A_B__E,"{'B': [512,513,514,515,516,517,518]}"
PGT151_6vpx_P_Q_CAE_DBF,"{'A': [224,244,245,246,57,58,59,78,79,80,82,83,84],'B': [512,513,514,515,516,517,518,519,520,521,522,539,542,543],'D': [637,638,640,641,643,644]}"
17b_4rqs_D_C_G_,"{'A': [119,120,122,200,202,203,204,205,419,420,421,422,423,432,433,434,435,436,437,438]}"
CH235.12_5f96_H_L_G_,"{'A': [124,274,275,276,277,278,279,280,281,282,283,365,366,367,368,370,371,425,426,429,431,432,455,456,457,458,459,460,461,462,469,470,471,472,473,474,477,480,96,97]}"
vFP48.03_6x78_H_L__G,"{'B': [512,513,514,515,516]}"
vFP1.01_5tkj_J_K__L,"{'B': [512,513,514,515,516,517,518,519]}"
PGT145_5u1f_H_L_CDA_BEF,"{'C': [166,167,168,312,313],'E': [162,166,167]}"
PGT151_5fuu_M_N_EAC_FBD,"{'A': [244,245,246,58,77,80,82,83,84,85],'B': [512,513,514,515,516,517,518,519,520,521,522,542,543,546,547,549,550,552,554],'D': [592,637,638,639,640,641,643,644]}"
VRC03_6cde_5_6_2Cc_1Dd,"{'A': [198,276,278,279,280,281,282,283,360,365,366,367,368,370,371,425,426,427,428,429,430,455,456,457,458,459,460,461,462,463,465,466,467,469,471,473,474,475,97],'E': [203,205,206,207,304,314,316,318,65]}"
VRC-PG04_4i3r_H_L_G_,"{'A': [252,253,254,256,275,276,278,279,280,281,282,283,365,366,367,368,371,455,456,457,458,459,460,461,462,469,471,472,473,474,476]}"
48d_3jwd_H_L_A_,"{'A': [119,120,122,200,202,203,204,205,206,369,419,421,422,423,432,433,434,435,436,437,438,439]}"
ACS202_6nc2_P_U_DAC_JBI,"{'A': [230,231,232,240,241,242,268,85,86,87,88],'B': [512,513,514,515,516,517,518,519,520,525,528,532,533,535,536]}"
8ANC195_5vj6_O_P_DEF_ABC,"{'A': [236,237,238,275,276,277,278,352,353,44,456,45,463,46,47,487,89,90,91,92,93,94],'B': [612,613,615,616,617,626,629,630,632,633,634,636,637,638]}"
PGT145_8jtd_J_N_ACD_BEF,"{'A': [121,123,124,127,161,162,166,169,315],'C': [123,124,160,161,162,166,167,168,169,309],'E': [121,124,127,160,161,162,166,167,168,169]}"
PGT151_5fuu_H_L_CEA_DFB,"{'A': [224,244,245,246,58,79,80,82,83,84,85],'B': [512,513,514,515,516,517,518,519,521,522,542,543,546,547,549,550,551,552,553,554],'D': [592,637,638,640,641,643,644,647]}"
VRC08C_4xny_H_L_G_,"{'A': [102,105,106,109,275,276,278,279,280,281,282,283,357,365,366,367,368,371,425,426,427,428,429,430,431,455,456,457,458,459,460,461,462,463,465,466,467,469,474,476,480,96,97,99]}"
NCI05_8fbw_A_B_F_,"{'A': [175,176,177,178,179,180,181,182,183,184,187,188]}"
DF1W-a.01_6mph_1_2_ABC_6ED,"{'A': [79,80,81,82,83,84,85,87],'B': [512,513,514,515,516,517,518,519,520,521,522,539,542,543],'D': [637,638,640,641,644,645,647,648]}"
N123-VRC34_pI3_6uce_H_L__C,"{'B': [512,513,514,515,516,517,518,519]}"
2F5_3lev_H_L__A,"{'B': [105,107,108,109,110,111,112,113,114,115,116,206,208,244,245,249,251]}"
VRC01GL_6mzj_H_L_ABE_,"{'A': [278,279,280,281,365,366,367,368,370,371,428,456,457,458,459,460,461,472,473]}"
VRC07-G54Y_4om0_H_L_G_,"{'A': [102,105,106,124,198,257,275,276,278,279,280,281,282,283,365,366,367,368,370,371,375,425,426,427,428,429,430,455,456,457,458,459,460,461,463,465,466,467,469,472,473,474,475,476,480,97,99]}"
RHA1.V2.01_6xrt_H_L_GEF_BCA,"{'A': [123,124,127,130,160,161,162,166,167,168,169,170,171],'C': [124,128,130,162,166,167,168,169,188,189,190],'E': [123,124,127,130,160,161,162,166,167,168,169,170,171,188]}"
vFP7.04_6cdm_A_B__C,"{'B': [512,513,514,515,516,517]}"
PGT122_5uty_H_L_G_B,"{'A': [134,135,136,137,139,141,150,301,322,323,324,325,326,327,328,330,332,415]}"
VRC06B_4xnz_B_C_A_,"{'A': [105,109,122,123,124,257,276,278,279,280,281,282,283,354,357,365,366,367,368,370,371,425,426,427,428,429,430,431,432,455,456,457,458,459,460,461,465,466,467,469,471,472,473,474,475,476,97]}"
0PV-a.01_6osy_H_L_2KB_AQG,"{'A': [229,79,80,81,82,83,84,85,87],'B': [512,513,514,515,516,517,518,519,520,521],'D': [637,638,639,640,641]}"
ITS90.03_6tyb_H_L_G_,"{'A': [231,232,233,234,236,237,238A,238,240,241,271,274,276,348,350,351,352,353,354,355,356A,356C,356,88,89,90]}"
PGT122_9bf6_K_L_JCF_IAB,"{'A': [135,149,150,322,323,324,325,326,327,328,330,415,417]}"
ACS202_6nc2_O_T_CDA_IJB,"{'A': [230,231,232,240,241,242,268,85,86,87,88],'B': [512,513,514,515,516,517,518,519,520,525,528,532,533,535,536]}"
VRC03_6v8z_C_F_AMG_BNH,"{'A': [195,198,276,278,279,280,281,282,283,365,366,367,368,370,371,425,426,427,428,430,431,455,456,457,458,459,460,461,462,463,465,466,467,469,472,473,474,475,97],'E': [206,207,314,316,318,63]}"
TRNM-f.01_8to9_D_F_BCA_JZI,"{'E': [102,105,106,109,113,182,195,197,198,199,257,281,283,365,366,367,368,369,370,371,424,425,426,427,428,429,430,431,432,472,473,474,475,476]}"
17b_1yym_R_Q_P_,"{'A': [1119,1120,1122,1200,1202,1203,1204,1205,1419,1420,1421,1422,1423,1432,1434,1435,1436,1437]}"
vFP53.02_8fr6_H_L_GCI_BAF,"{'A': [229,231,241,80,82,85,87],'B': [512,513,514,515,516,517,518,519,524,528,529,532,535]}"
CH04_5esz_H_L_G_,"{'A': [130,158,160,166,167,168,169,170,171,173,188]}"
VRC03_6e5p_I_J_EAC_FBD,"{'A': [279,365,366,367,368,370,371,428,457,458,459,460,461,462,473],'E': [205,206,207,314,316,65]}"
10-1074_6udj_K_L_JGP_MCF,"{'A': [134,135,321A,322,323,324,325,326,327,328,330,415,417]}"
PGT122_6cue_m_n_c2C_d1D,"{'A': [135,136,137,321A,322,323,324,325,326,327,328,330,415,416,417]}"
35O22_6nm6_D_E_G_B,"{'A': [238,240,87,88,89,90,91,92],'B': [527,528,529,531,532,617,618,620,621,624,625,627,629,630,633]}"
vFP52.02_8g85_A_C_DJG_EKB,"{'A': [78,79,80,81,82,83,84],'B': [512,513,514,515,516,517,518,519,520,521],'D': [637,640,641,644,648]}"
17b_2ny0_D_C_A_,"{'A': [119,120,122,200,202,203,204,205,419,420,421,422,423,432,433,434,435,436,437]}"
CH103_4jan_H_L_G_,"{'A': [256,279,280,281,362,364,365,366,367,368,369,370,371,455,456,457,458,459,460,461,462,463,469,470,471,472]}"
VRC03_6n1v_Q_R_CAB_DEF,"{'A': [198,276,278,279,280,281,282,283,365,366,367,368,370,371,425,426,427,428,429,430,455,456,457,458,459,460,461,462,463,465,466,467,469,471,472,473,474,475,97],'E': [206,207,314,316,318,64,65]}"
N6_5te7_H_L_G_,"{'A': [124,198,257,275,276,278,279,280,281,282,283,365,366,367,368,370,371,425,426,427,430,431,455,456,457,458,459,460,462,469,472,473,474,475,476,97]}"
PGT151_6mar_H_L_CAE_DBF,"{'A': [244,245,246,78,79,80,82,83,84,85],'B': [512,513,514,515,516,517,518,519,520,521,522,538,539,542,543,547,549],'D': [592,637,638,640,641,643,644,647]}"
PGT122_5utf_H_L_G_B,"{'A': [134,135,136,137,301,321A,322,323,324,325,326,327,328,329,330,415,416,417]}"
CH04_5esz_A_B_C_,"{'A': [160,166,167,168,169,170,171]}"
10-1074_9bew_H_L_GAM_BEN,"{'A': [134,136,137,139,321A,322,323,324,325,326,327,328,329,330,415,417]}"
17b_2i5y_R_Q_P_,"{'A': [119,120,122,200,202,203,204,205,419,420,421,422,423,432,433,434,436,437]}"
35O22_6mtn_D_E_G_B,"{'A': [238,240,500,87,88,90,91,92],'B': [527,528,529,532,618,620,621,624,625,627,629,630,633]}"
vFP7.04_6cue_3_4_2Cc_1Dd,"{'A': [227,229,230,231,240,241,267,268,485,79,80,81,82,83,84,85,87,88,89],'B': [512,513,514,515,516,517,518,519,524,525,528,531,532,535]}"
TRNM-b.01_8tdx_A_D__E,"{'B': [512,513,514,515,516,517,518,519]}"
